marker,x_pos,y_pos,z_pos,msec,active
1,0.002145,-0.707101,-0.731567,5.373841,0
1,0.002574,-0.706057,-0.711611,5.236424,0
1,0.003094,-0.706172,-0.708656,5.371523,0
1,0.00274,-0.705866,-0.696344,5.375497,0
1,0.002631,-0.705723,-0.691055,5.251656,0
1,0.003239,-0.705801,-0.694029,5.376159,0
1,0.003139,-0.705957,-0.699564,5.37053,0
1,0.003042,-0.706164,-0.705992,5.254967,0
1,0.002835,-0.706364,-0.711113,5.377483,0
1,0.002857,-0.706507,-0.7197,5.382119,0
1,0.002709,-0.706488,-0.720762,5.24702,0
1,0.002555,-0.70656,-0.724157,5.371854,0
1,0.002542,-0.706717,-0.729122,5.376159,0
1,0.002325,-0.706801,-0.736994,5.239404,0
1,0.002047,-0.707127,-0.743645,5.393046,0
1,0.002042,-0.707312,-0.748114,5.372848,0
1,0.00211,-0.708238,-0.763645,5.253973,0
1,0.001616,-0.709166,-0.777676,5.377815,0
1,0.001735,-0.710157,-0.80113,5.360265,0
1,0.001955,-0.71065,-0.823219,5.258278,0
1,0.001762,-0.710792,-0.832056,5.376159,0
1,0.001697,-0.711101,-0.833889,5.391059,0
1,0.001538,-0.710593,-0.83329,5.22351,0
1,0.001888,-0.710857,-0.836702,5.44106,0
1,0.001873,-0.711132,-0.842842,5.354967,0
1,0.002175,-0.710996,-0.841011,5.239073,0
1,0.001968,-0.710836,-0.842808,5.378477,0
1,0.001828,-0.710722,-0.840246,5.371192,0
1,0.002016,-0.710806,-0.852129,5.253643,0
1,0.002284,-0.710922,-0.867964,5.366225,0
1,0.001966,-0.710813,-0.86536,5.362583,0
1,0.002131,-0.710955,-0.875074,5.25,0
1,0.002103,-0.710714,-0.872549,5.358609,0
1,0.002235,-0.710712,-0.873606,5.401987,0
1,0.002421,-0.710773,-0.87796,5.25,0
1,0.002277,-0.710654,-0.879181,5.375828,0
1,0.002275,-0.710333,-0.872814,5.377152,0
1,0.002194,-0.710097,-0.864779,5.251325,0
1,0.002138,-0.709952,-0.859583,5.37351,0
1,0.002022,-0.709468,-0.847372,5.377152,0
1,0.001822,-0.709371,-0.841942,5.249669,0
1,0.001931,-0.709299,-0.832594,5.367218,0
1,0.001719,-0.708907,-0.820366,5.360927,0
1,0.001655,-0.708535,-0.816427,5.257947,0
1,0.00174,-0.708103,-0.810795,5.37351,0
1,0.001767,-0.708182,-0.817734,5.342715,0
1,0.001661,-0.708235,-0.811583,5.308278,0
1,0.001497,-0.708438,-0.806684,5.365232,0
1,0.00127,-0.708362,-0.797855,5.371523,0
1,0.001342,-0.708345,-0.789127,5.251656,0
1,0.001647,-0.708363,-0.782766,5.372517,0
1,0.001812,-0.708172,-0.77813,5.378477,0
1,0.001642,-0.707994,-0.781326,5.254967,0
1,0.001578,-0.708059,-0.782709,5.361589,0
1,0.001566,-0.708158,-0.782608,5.383112,0
1,0.00105,-0.708103,-0.779613,5.249669,0
1,0.001161,-0.708319,-0.785759,5.381457,0
1,0.001157,-0.708469,-0.790876,5.371854,0
1,0.000998,-0.708698,-0.796698,5.251656,0
1,0.000891,-0.708883,-0.802591,5.379801,0
1,0.000833,-0.70915,-0.808693,5.375497,0
1,0.000174,-0.709347,-0.816906,5.251325,0
1,-0.000006,-0.70953,-0.823679,5.375165,0
1,0.000393,-0.709462,-0.825045,5.374503,0
1,0.00015,-0.709877,-0.837852,5.252649,0
1,-0.00002,-0.709651,-0.836637,5.375165,0
1,-0.000255,-0.709308,-0.82757,5.37649,0
1,-0.000263,-0.708749,-0.818695,5.248013,0
1,-0.000244,-0.708054,-0.810978,5.378808,0
1,0.000001,-0.706824,-0.79558,5.373179,0
1,0.000196,-0.705432,-0.780645,5.254304,0
1,-0.000214,-0.704558,-0.778683,5.374503,0
1,-0.001013,-0.70371,-0.774033,5.37649,0
1,-0.000589,-0.703038,-0.767187,5.250662,0
1,-0.00027,-0.701949,-0.748384,5.375828,0
1,0.000205,-0.700642,-0.746351,5.375497,0
1,-0.000255,-0.699119,-0.736538,5.246357,0
1,0.000157,-0.698207,-0.73316,5.379139,0
1,0.000179,-0.697456,-0.744211,5.375165,0
1,-0.000717,-0.696496,-0.734938,5.253973,0
1,0.000061,-0.695966,-0.746817,5.375165,0
1,-0.000342,-0.694697,-0.747427,5.374503,0
1,-0.000423,-0.692933,-0.735117,5.247351,0
1,-0.001905,-0.692021,-0.73288,5.378477,0
1,-0.001673,-0.690884,-0.725073,5.377815,0
1,-0.002078,-0.690081,-0.70768,5.248344,0
1,-0.003008,-0.688875,-0.683256,5.375165,0
1,-0.002158,-0.687656,-0.684805,5.375165,0
1,-0.00167,-0.686295,-0.683077,5.248675,0
1,-0.002844,-0.684606,-0.667904,5.381457,0
1,-0.002109,-0.683725,-0.675083,5.375165,0
1,-0.001441,-0.681899,-0.670683,5.248675,0
1,-0.001385,-0.680888,-0.679592,5.377152,0
1,-0.001466,-0.678109,-0.665934,5.374835,0
1,-0.001674,-0.676951,-0.647375,5.248344,0
1,-0.00139,-0.677247,-0.681059,5.378477,0
1,-0.001497,-0.676784,-0.698677,5.375497,0
1,-0.002257,-0.674609,-0.678295,5.252318,0
1,-0.002295,-0.672825,-0.6807,5.376159,0
1,-0.001584,-0.671405,-0.676561,5.369867,0
1,-0.002313,-0.669531,-0.6731,5.257285,0
1,-0.001915,-0.668341,-0.68767,5.372848,0
1,-0.002268,-0.665615,-0.649208,5.37947,0
1,-0.001695,-0.663403,-0.644457,5.249669,0
1,-0.000675,-0.661316,-0.644857,5.373179,0
1,-0.000961,-0.6572,-0.594492,5.378146,0
1,-0.001433,-0.654174,-0.563038,5.251987,0
1,-0.000245,-0.651424,-0.542561,5.376821,0
1,-0.001041,-0.649811,-0.559832,5.370199,0
1,-0.00167,-0.64824,-0.566698,5.251325,0
1,-0.002029,-0.646165,-0.549234,5.376821,0
1,-0.000719,-0.644126,-0.5515,5.379801,0
1,-0.001882,-0.642345,-0.527977,5.247682,0
1,-0.002511,-0.638745,-0.476984,5.378477,0
1,-0.003197,-0.636637,-0.467701,5.384106,0
1,-0.002536,-0.635636,-0.511497,5.243709,0
1,-0.003785,-0.633671,-0.498186,5.372517,0
1,-0.003799,-0.631851,-0.502079,5.376159,0
1,-0.004861,-0.630102,-0.512239,5.251325,0
1,-0.00422,-0.627834,-0.489782,5.374835,0
1,-0.004068,-0.625726,-0.476278,5.376821,1
1,-0.004277,-0.624114,-0.468782,5.250662,1
1,-0.004942,-0.621826,-0.450159,5.367881,1
1,-0.004985,-0.619864,-0.467682,5.374172,1
1,-0.006503,-0.616804,-0.447426,5.252318,1
1,-0.006053,-0.613692,-0.414204,5.372517,1
1,-0.006518,-0.611225,-0.389492,5.376159,1
1,-0.008425,-0.608033,-0.372614,5.248675,1
1,-0.008672,-0.60642,-0.377916,5.375497,1
1,-0.008201,-0.605065,-0.373316,5.37947,1
1,-0.006632,-0.602933,-0.38949,5.248013,1
1,-0.009275,-0.600869,-0.370237,5.380133,1
1,-0.010705,-0.599259,-0.35873,5.37351,1
1,-0.008695,-0.598026,-0.368088,5.249669,1
1,-0.010667,-0.596003,-0.325777,5.338742,1
1,-0.012738,-0.594485,-0.310663,5.443377,1
1,-0.013951,-0.592151,-0.285513,5.204305,1
1,-0.015073,-0.589684,-0.25849,5.415232,1
1,-0.014925,-0.588641,-0.27524,5.378146,1
1,-0.016376,-0.586577,-0.270252,5.232781,1
1,-0.016706,-0.584765,-0.259319,5.369205,1
1,-0.018565,-0.582817,-0.265493,5.377483,1
1,-0.018775,-0.580291,-0.243671,5.247351,1
1,-0.020627,-0.578157,-0.239639,5.387086,1
1,-0.022461,-0.577491,-0.262266,5.378808,1
1,-0.022888,-0.57625,-0.281958,5.246689,1
1,-0.022623,-0.57478,-0.2932,5.363576,1
1,-0.022616,-0.57249,-0.2955,5.398013,1
1,-0.024967,-0.571364,-0.283487,5.219205,1
1,-0.026909,-0.569037,-0.262764,5.37351,1
1,-0.027244,-0.567065,-0.276329,5.376159,1
1,-0.027556,-0.564947,-0.274317,5.250331,1
1,-0.029635,-0.562098,-0.243011,5.375165,1
1,-0.029548,-0.559987,-0.241135,5.37649,1
1,-0.030486,-0.558396,-0.261173,5.251656,1
1,-0.032237,-0.556763,-0.262369,5.380464,1
1,-0.032241,-0.555151,-0.27446,5.369536,1
1,-0.032134,-0.552484,-0.250643,5.250662,1
1,-0.032096,-0.551286,-0.265596,5.391391,1
1,-0.033288,-0.5486,-0.249914,5.373841,1
1,-0.033487,-0.546966,-0.24139,5.254304,1
1,-0.033399,-0.544558,-0.23263,5.374835,1
1,-0.034167,-0.543029,-0.238638,5.372185,1
1,-0.03463,-0.54031,-0.237885,5.253973,1
1,-0.035026,-0.537211,-0.20295,5.375497,1
1,-0.034042,-0.534421,-0.171074,5.378146,1
1,-0.034361,-0.532138,-0.170523,5.249338,1
1,-0.034925,-0.529264,-0.148529,5.375497,1
1,-0.035245,-0.52753,-0.146694,5.372517,1
1,-0.03479,-0.525555,-0.128683,5.253973,1
1,-0.033558,-0.522308,-0.123728,5.375497,1
1,-0.032184,-0.520343,-0.12859,5.37649,1
1,-0.030159,-0.516142,-0.146246,10.627814,1
1,-0.028278,-0.513835,-0.109173,5.371192,1
1,-0.025887,-0.511601,-0.088131,5.254636,1
1,-0.023494,-0.509791,-0.09144,5.375497,1
1,-0.021274,-0.507032,-0.11322,5.371523,1
1,-0.018375,-0.50386,-0.090853,5.25596,1
1,-0.015472,-0.501771,-0.08716,5.374835,1
1,-0.011777,-0.499485,-0.070444,5.372185,1
1,-0.00905,-0.496582,-0.082539,5.253643,1
1,-0.005837,-0.493033,-0.066322,5.377152,1
1,-0.001965,-0.491277,-0.079546,5.375165,1
1,0.002297,-0.490213,-0.121168,5.250331,1
1,0.006357,-0.488083,-0.131145,5.376821,1
1,0.01025,-0.486439,-0.130583,5.375165,1
1,0.014573,-0.48384,-0.131975,5.250331,1
1,0.019522,-0.480991,-0.12307,5.377483,1
1,0.023306,-0.478232,-0.120508,5.37649,1
1,0.028189,-0.476647,-0.13031,5.248344,1
1,0.033012,-0.474127,-0.128332,5.37649,1
1,0.037852,-0.47242,-0.144245,5.376821,1
1,0.04266,-0.470187,-0.132309,5.249669,1
1,0.048332,-0.467104,-0.104336,5.376159,1
1,0.052807,-0.464508,-0.088772,5.375497,1
1,0.058318,-0.462702,-0.080774,5.250993,1
1,0.062678,-0.460286,-0.06806,5.375165,1
1,0.068567,-0.45795,-0.075054,5.376159,1
1,0.074244,-0.456798,-0.089035,5.251325,1
1,0.079007,-0.4544,-0.085392,5.375165,1
1,0.084775,-0.452175,-0.074255,5.37649,1
1,0.091147,-0.450568,-0.090219,5.249669,1
1,0.097446,-0.449443,-0.115028,5.37649,1
1,0.102808,-0.448621,-0.124022,5.37649,1
1,0.109578,-0.447259,-0.145159,5.254967,1
1,0.114372,-0.445823,-0.135117,5.36755,1
1,0.120108,-0.443746,-0.134987,5.37947,1
1,0.126569,-0.44298,-0.159552,5.250993,1
1,0.132582,-0.441394,-0.158695,5.375165,1
1,0.13863,-0.440329,-0.163679,5.377815,1
1,0.144462,-0.438173,-0.153,5.249669,1
1,0.151362,-0.436352,-0.139849,5.375828,1
1,0.155643,-0.433978,-0.099276,5.375165,1
1,0.162277,-0.432884,-0.101191,5.250331,1
1,0.168347,-0.430425,-0.089003,5.373841,1
1,0.175608,-0.429046,-0.09071,5.382119,1
1,0.181727,-0.427645,-0.087282,5.246689,1
1,0.187398,-0.427177,-0.103596,5.374835,1
1,0.194237,-0.426164,-0.093342,5.376159,1
1,0.200676,-0.424555,-0.103809,5.260265,1
1,0.206531,-0.423171,-0.101887,5.378146,1
1,0.213315,-0.421369,-0.103268,5.376821,1
1,0.21977,-0.421905,-0.136951,5.251987,1
1,0.225886,-0.420825,-0.133162,5.372848,1
1,0.232556,-0.42004,-0.155703,5.377815,1
1,0.239225,-0.419146,-0.162037,5.250662,1
1,0.245072,-0.418184,-0.173676,5.372848,1
1,0.25151,-0.417423,-0.167356,5.37947,1
1,0.258275,-0.415742,-0.167982,5.250662,1
1,0.26522,-0.413956,-0.1982,5.379801,1
1,0.270398,-0.412647,-0.177952,5.370861,1
1,0.276254,-0.412136,-0.177349,5.251987,1
1,0.282159,-0.410568,-0.196653,5.38245,1
1,0.287979,-0.408679,-0.179178,5.36755,1
1,0.293347,-0.408048,-0.187441,5.251987,1
1,0.299188,-0.406277,-0.179062,5.354967,1
1,0.304492,-0.405102,-0.185104,5.375165,1
1,0.309822,-0.40406,-0.201803,5.250993,1
1,0.31483,-0.402857,-0.185867,5.376159,1
1,0.320618,-0.400372,-0.168287,5.364238,1
1,0.324851,-0.399437,-0.171188,5.26192,1
1,0.330635,-0.398125,-0.188448,5.375165,1
1,0.33656,-0.3976,-0.217987,5.375828,1
1,0.34141,-0.397011,-0.248714,5.251987,1
1,0.345031,-0.394856,-0.237713,5.384768,1
1,0.350147,-0.393155,-0.230806,5.375828,1
1,0.353978,-0.391648,-0.224863,5.251325,1
1,0.357787,-0.389234,-0.2122,5.375165,1
1,0.362415,-0.388276,-0.221945,5.37649,1
1,0.365183,-0.386582,-0.213102,5.25,1
1,0.368414,-0.384288,-0.207682,5.377483,1
1,0.373532,-0.382051,-0.2012,5.374503,1
1,0.37719,-0.3794,-0.156008,5.250662,1
1,0.379609,-0.3782,-0.13546,5.375165,1
1,0.381888,-0.375702,-0.105846,5.376821,1
1,0.386346,-0.374221,-0.108793,5.252318,1
1,0.390919,-0.37213,-0.12118,5.374503,1
1,0.393927,-0.370101,-0.118214,5.374835,1
1,0.398212,-0.368323,-0.106611,5.251325,1
1,0.401841,-0.366209,-0.112263,5.375828,1
1,0.404683,-0.36506,-0.117659,5.376159,1
1,0.40909,-0.362914,-0.100172,5.251656,1
1,0.412423,-0.361267,-0.089293,5.374503,1
1,0.415616,-0.359012,-0.08242,5.376159,1
1,0.419297,-0.356227,-0.08638,5.250662,1
1,0.422997,-0.354071,-0.078453,5.37649,1
1,0.425684,-0.352637,-0.084206,5.375497,1
1,0.428603,-0.349686,-0.074385,5.246689,1
1,0.430659,-0.348275,-0.060587,5.37947,1
1,0.433288,-0.345424,-0.062191,5.375165,1
1,0.435141,-0.34295,-0.060249,5.247351,1
1,0.437855,-0.342113,-0.055607,5.380464,1
1,0.439895,-0.340343,-0.083412,5.375828,1
1,0.442748,-0.338288,-0.071157,5.250331,1
1,0.445351,-0.33631,-0.076408,5.376159,1
1,0.447632,-0.334026,-0.064789,5.376159,1
1,0.449654,-0.331831,-0.067406,5.248344,1
1,0.452473,-0.329346,-0.054621,5.378146,1
1,0.454755,-0.326928,-0.061598,5.375497,1
1,0.457793,-0.324561,-0.070318,5.24702,1
1,0.458696,-0.32242,-0.052408,5.379801,1
1,0.460756,-0.319599,-0.01384,5.375828,1
1,0.463554,-0.317047,-0.027117,5.247351,1
1,0.465271,-0.314781,-0.030489,5.378146,1
1,0.467392,-0.312344,-0.014635,5.376821,1
1,0.46946,-0.309566,-0.020512,5.244702,1
1,0.470734,-0.307034,-0.023399,5.381457,1
1,0.471427,-0.30515,-0.000475,5.375828,1
1,0.471927,-0.302148,0.016104,5.250662,1
1,0.473823,-0.299602,0.005005,5.37649,1
1,0.47392,-0.296362,0.017971,5.375828,1
1,0.474302,-0.293843,0.004023,5.25,1
1,0.476166,-0.291724,-0.011354,5.376821,1
1,0.476535,-0.289374,0.012152,5.377483,1
1,0.477373,-0.286565,0.010336,5.248675,1
1,0.478387,-0.284194,0.009809,5.376159,1
1,0.478918,-0.281326,0.008831,5.375497,1
1,0.480125,-0.278611,0.011974,5.251987,1
1,0.480178,-0.275568,0.012438,5.374503,1
1,0.481105,-0.272617,0.011084,5.376159,1
1,0.482059,-0.270458,0.015692,5.250331,1
1,0.482855,-0.26837,0.04612,5.375497,1
1,0.483838,-0.266276,0.052429,5.377152,1
1,0.484596,-0.264354,0.050528,5.250331,1
1,0.485155,-0.261515,0.043289,5.375497,1
1,0.485797,-0.259299,0.050764,5.375497,1
1,0.486202,-0.256623,0.055201,5.251656,1
1,0.487272,-0.254644,0.040756,5.375497,1
1,0.487727,-0.252016,0.046789,5.376159,1
1,0.488301,-0.250149,0.055405,5.250331,1
1,0.488729,-0.247909,0.062149,5.375497,1
1,0.489144,-0.245698,0.04689,5.376159,1
1,0.48984,-0.244113,0.056179,5.250662,1
1,0.490404,-0.24187,0.051905,5.377152,1
1,0.489836,-0.239821,0.062557,5.375165,1
1,0.490783,-0.236969,0.059118,5.250662,1
1,0.491401,-0.234812,0.049511,5.374503,1
1,0.492266,-0.232126,0.057848,5.373179,1
1,0.492345,-0.230798,0.053341,5.254304,1
1,0.493097,-0.228539,0.052877,5.375165,1
1,0.49433,-0.225685,0.056084,5.376159,1
1,0.49502,-0.223177,0.068544,5.250662,1
1,0.495643,-0.220738,0.080309,5.376159,1
1,0.496222,-0.218469,0.072317,5.372848,1
1,0.496677,-0.216458,0.079912,5.254967,1
1,0.496493,-0.213572,0.08469,5.374503,1
1,0.497066,-0.212537,0.080656,5.372185,1
1,0.497505,-0.210848,0.071287,5.253643,1
1,0.498087,-0.209381,0.085064,5.377815,1
1,0.498603,-0.208016,0.091316,5.372185,1
1,0.499314,-0.206062,0.056379,5.253311,1
1,0.499574,-0.203895,0.044298,5.375165,1
1,0.500086,-0.202102,0.046902,5.372848,1
1,0.50026,-0.200621,0.050158,5.254636,1
1,0.501211,-0.198553,0.054819,5.377152,1
1,0.502092,-0.196337,0.049398,5.370861,1
1,0.501913,-0.19447,0.043289,5.253973,1
1,0.502239,-0.193735,0.046722,5.375828,1
1,0.50304,-0.192356,0.041281,5.372848,1
1,0.504007,-0.19115,0.049107,5.254304,1
1,0.504038,-0.189508,0.066586,5.375165,1
1,0.504158,-0.188275,0.087234,5.373179,1
1,0.504837,-0.186827,0.083134,5.253973,1
1,0.504559,-0.186046,0.091003,5.375828,1
1,0.504954,-0.184812,0.095879,5.369205,1
1,0.505138,-0.1835,0.097584,5.256954,1
1,0.505745,-0.18252,0.099283,5.377152,1
1,0.506016,-0.181481,0.099037,5.374503,1
1,0.50636,-0.179726,0.110346,5.250993,1
1,0.506137,-0.179274,0.11027,5.375828,1
1,0.50638,-0.17878,0.096249,5.377152,1
1,0.507167,-0.177908,0.085957,5.249007,1
1,0.507451,-0.176944,0.091215,5.395033,1
1,0.5075,-0.174678,0.08794,5.369867,1
1,0.508431,-0.174795,0.086927,5.244702,1
1,0.507804,-0.173384,0.081087,5.36457,1
1,0.5093,-0.172327,0.07411,5.370861,1
1,0.508231,-0.171002,0.084705,5.260265,1
1,0.508102,-0.170168,0.078394,5.37649,1
1,0.508471,-0.169334,0.078543,5.374503,1
1,0.508389,-0.167954,0.086679,5.256291,1
1,0.509415,-0.166944,0.097622,5.372848,1
1,0.509624,-0.165553,0.101753,5.387748,1
1,0.508714,-0.164957,0.109028,5.23841,1
1,0.508942,-0.164188,0.112959,5.377152,1
1,0.508984,-0.162879,0.100916,5.372848,1
1,0.509508,-0.16208,0.095242,5.251987,1
1,0.509472,-0.160874,0.100687,5.375165,1
1,0.510079,-0.160181,0.095312,5.37649,1
1,0.509663,-0.160154,0.106321,5.250331,1
1,0.509478,-0.159522,0.085358,5.372848,1
1,0.509252,-0.158636,0.072647,5.378477,1
1,0.509708,-0.157969,0.06897,5.25,1
1,0.509206,-0.157185,0.068926,5.373841,1
1,0.509765,-0.155844,0.063597,5.378808,1
1,0.510724,-0.155052,0.058464,5.250993,1
1,0.510694,-0.154719,0.053719,5.372185,1
1,0.51009,-0.154449,0.057188,5.378146,1
1,0.510073,-0.15369,0.060303,5.251987,1
1,0.510128,-0.153023,0.059345,5.371854,1
1,0.510141,-0.151933,0.08329,5.380133,1
1,0.509972,-0.151265,0.09399,5.250331,1
1,0.510194,-0.151102,0.099804,5.371854,1
1,0.509847,-0.150637,0.107605,5.381788,1
1,0.509611,-0.149574,0.105661,5.248344,1
1,0.510144,-0.148456,0.1078,5.372517,1
1,0.50985,-0.148194,0.11149,5.378808,1
1,0.509677,-0.146731,0.108732,5.251325,1
1,0.509643,-0.145676,0.118952,5.372185,1
1,0.509869,-0.145634,0.124178,5.379139,1
1,0.508967,-0.14472,0.132656,5.250993,1
1,0.509245,-0.144238,0.137472,5.372185,1
1,0.509139,-0.143357,0.150902,5.380464,1
1,0.509097,-0.143241,0.161324,5.249338,1
1,0.509275,-0.141822,0.158298,5.380133,1
1,0.509618,-0.14082,0.169331,5.372185,1
1,0.509576,-0.139735,0.157597,5.250993,1
1,0.509361,-0.139785,0.157925,5.381457,1
1,0.509552,-0.139398,0.152063,5.369536,1
1,0.509317,-0.138723,0.136383,5.252318,1
1,0.509154,-0.138017,0.12241,5.374172,1
1,0.508577,-0.136458,0.121141,5.37649,1
1,0.509297,-0.135577,0.123951,5.251325,1
1,0.509205,-0.134359,0.111084,5.374503,1
1,0.509022,-0.134006,0.104666,5.378477,1
1,0.50859,-0.133256,0.110479,5.249669,1
1,0.508505,-0.131991,0.117886,5.375165,1
1,0.508484,-0.130143,0.108757,5.375165,1
1,0.509246,-0.129965,0.106709,5.250993,1
1,0.508301,-0.129004,0.099003,5.375828,1
1,0.507685,-0.127846,0.104183,5.34404,1
1,0.50745,-0.126637,0.093552,5.295033,1
1,0.507668,-0.125791,0.093643,5.35596,1
1,0.50746,-0.124234,0.096567,5.375828,1
1,0.507868,-0.123077,0.096731,5.250993,1
1,0.507701,-0.121844,0.092234,5.375828,1
1,0.506519,-0.12,0.099659,5.374172,1
1,0.50654,-0.119007,0.100832,5.251987,1
1,0.505382,-0.118406,0.105263,5.375165,1
1,0.505922,-0.116329,0.113548,5.376821,1
1,0.506062,-0.114676,0.111334,5.249338,1
1,0.506221,-0.112632,0.10774,5.375165,1
1,0.50591,-0.111047,0.110746,5.40298,1
1,0.504498,-0.109282,0.109533,5.239735,1
1,0.503898,-0.107993,0.115723,5.381457,1
1,0.503116,-0.106245,0.108433,5.375165,1
1,0.502209,-0.103896,0.1141,5.243378,1
1,0.502984,-0.103189,0.114738,5.367881,1
1,0.502863,-0.101372,0.111668,5.405298,1
1,0.501748,-0.099571,0.165941,5.245364,1
1,0.500872,-0.096973,0.156458,5.359272,1
1,0.500884,-0.094802,0.156624,5.372517,1
1,0.499529,-0.093379,0.162863,5.262252,1
1,0.499186,-0.091644,0.166815,5.377815,1
1,0.498561,-0.089261,0.16643,5.374503,1
1,0.497175,-0.084619,0.175745,10.622848,1
1,0.496474,-0.0824,0.17469,5.380133,1
1,0.49555,-0.0799,0.163246,5.245696,1
1,0.495205,-0.07789,0.131296,5.38808,1
1,0.495182,-0.074793,0.104097,5.367881,1
1,0.493702,-0.072483,0.112701,5.24702,1
1,0.492333,-0.071,0.126175,5.38245,1
1,0.492204,-0.067473,0.109486,5.37351,1
1,0.491671,-0.065576,0.116943,5.249007,1
1,0.490792,-0.062427,0.113361,5.377152,1
1,0.489196,-0.05977,0.111155,5.375828,1
1,0.488373,-0.057175,0.103033,5.249007,1
1,0.487765,-0.053912,0.101772,5.358278,1
1,0.487018,-0.050842,0.104788,5.373841,1
1,0.485767,-0.048839,0.113779,5.251325,1
1,0.484623,-0.045861,0.119608,5.37649,1
1,0.483681,-0.042232,0.104448,5.375165,1
1,0.483347,-0.038993,0.099386,5.251987,1
1,0.481288,-0.035674,0.090971,5.374503,1
1,0.48042,-0.033154,0.098162,5.375497,1
1,0.479505,-0.030416,0.096909,5.251656,1
1,0.478578,-0.027704,0.096769,5.37649,1
1,0.477157,-0.0238,0.064827,5.374503,1
1,0.475756,-0.019927,0.054493,5.250662,1
1,0.47302,-0.013649,0.04409,10.746689,1
1,0.472304,-0.009834,0.043423,5.26457,1
1,0.470966,-0.00653,0.033569,5.366888,1
1,0.469552,-0.003173,0.036228,5.377152,1
1,0.467912,-0.000569,0.054119,5.249007,1
1,0.466642,0.004449,0.029715,5.37649,1
1,0.464705,0.007594,0.026573,5.377483,1
1,0.462845,0.010812,0.068363,5.248675,1
1,0.46017,0.014019,0.075521,5.37649,1
1,0.458055,0.018205,0.069822,5.375497,1
1,0.455758,0.021292,0.066959,5.254636,1
1,0.453563,0.02566,0.067884,5.373179,1
1,0.451405,0.029045,0.081535,5.371854,1
1,0.448787,0.032334,0.068171,5.254967,1
1,0.446012,0.036687,0.069883,5.374172,1
1,0.443769,0.040901,0.050262,5.372848,1
1,0.44066,0.04439,0.051277,5.253973,1
1,0.437534,0.049064,0.006512,5.376821,1
1,0.434838,0.052228,-0.000792,5.375497,1
1,0.431087,0.055601,-0.001867,5.374503,1
1,0.427535,0.059249,-0.009605,5.251325,1
1,0.424185,0.062973,0.004015,5.37649,1
1,0.419833,0.067606,-0.016336,5.250993,1
1,0.416675,0.071988,-0.015238,5.374835,1
1,0.412801,0.075965,-0.029881,5.375828,1
1,0.40863,0.079316,-0.033392,5.252318,1
1,0.404279,0.083296,-0.036118,5.375165,1
1,0.400047,0.088039,-0.004663,5.375497,1
1,0.395123,0.091377,0.004154,5.250662,1
1,0.391091,0.094697,0.007715,5.376821,1
1,0.386361,0.098893,-0.008247,5.376159,1
1,0.382374,0.102079,-0.011061,5.250331,1
1,0.377522,0.106131,-0.016676,5.374172,1
1,0.371358,0.109656,-0.015623,5.373841,1
1,0.366865,0.113295,-0.017071,5.254636,1
1,0.361669,0.117116,-0.017,5.374835,1
1,0.355923,0.120771,-0.019827,5.372848,1
1,0.350931,0.124376,-0.067804,5.253643,1
1,0.346016,0.127706,-0.078953,5.375828,1
1,0.340415,0.131376,-0.093006,5.37351,1
1,0.33414,0.135446,-0.096874,5.253643,1
1,0.327446,0.138947,-0.094631,5.374172,1
1,0.321365,0.14309,-0.116425,5.378808,1
1,0.316383,0.14571,-0.086023,5.250662,1
1,0.310647,0.150347,-0.113121,5.374835,1
1,0.304275,0.153685,-0.113949,5.376159,1
1,0.298068,0.157311,-0.127764,5.25,1
1,0.29093,0.159442,-0.079435,5.37649,1
1,0.284684,0.162924,-0.06986,5.381457,1
1,0.277277,0.167308,-0.081102,5.244371,1
1,0.271652,0.170763,-0.089411,5.375165,1
1,0.264897,0.173466,-0.074808,5.379801,1
1,0.258364,0.177684,-0.094254,5.260927,1
1,0.252105,0.180529,-0.087141,5.371192,1
1,0.245285,0.182972,-0.065466,5.374503,1
1,0.240415,0.186615,-0.085936,5.256291,1
1,0.233265,0.190522,-0.07814,5.373179,1
1,0.227258,0.193696,-0.082655,5.373179,1
1,0.220258,0.197231,-0.081688,5.253311,1
1,0.213967,0.200839,-0.083565,5.372848,1
1,0.207216,0.204137,-0.082504,5.374172,1
1,0.201243,0.206774,-0.078915,5.246689,1
1,0.194823,0.209508,-0.073692,5.374503,1
1,0.187864,0.213047,-0.083481,5.389073,1
1,0.181591,0.215737,-0.073511,5.248344,1
1,0.174989,0.218123,-0.073994,5.374172,1
1,0.169088,0.222625,-0.108658,5.37649,1
1,0.161825,0.226152,-0.118536,5.247682,1
1,0.155195,0.227793,-0.083139,5.377152,1
1,0.148452,0.231736,-0.115017,5.378477,1
1,0.142279,0.234243,-0.122934,5.249338,1
1,0.135741,0.236599,-0.121161,5.37649,1
1,0.12863,0.239014,-0.114567,5.373179,1
1,0.122292,0.240205,-0.097082,5.25298,1
1,0.115194,0.24345,-0.118315,5.371192,1
1,0.109105,0.245285,-0.116697,5.378146,1
1,0.102133,0.24489,-0.08605,5.250993,1
1,0.096268,0.245687,-0.077621,5.378146,1
1,0.090449,0.247641,-0.071112,5.377815,1
1,0.082515,0.248863,-0.067047,5.247682,1
1,0.076903,0.251087,-0.085695,5.371854,1
1,0.070719,0.251749,-0.078615,5.382119,1
1,0.064578,0.252708,-0.058538,5.247682,1
1,0.059458,0.252434,-0.049599,5.373841,1
1,0.054088,0.253554,-0.055477,5.378477,1
1,0.048972,0.253915,-0.047384,5.249338,1
1,0.043223,0.255466,-0.080046,5.37649,1
1,0.037703,0.25477,-0.066444,5.376821,1